"","RANDOM-INSTANCES","SEMI-UNIFORM","INFORMATIVENESS","GREEDY","eps-GREEDY"
"RANDOM-INSTANCES",1,1.97795580444976e-18,1.97795580444976e-18,8.13311226761062e-17,1.97795580444976e-18
"SEMI-UNIFORM",1,1,1.97795580444976e-18,1,2.89244490443474e-18
"INFORMATIVENESS",1,1,1,1,1
"GREEDY",1,1.97795580444976e-18,1.97795580444976e-18,1,1.97795580444976e-18
"eps-GREEDY",1,1,1.97795580444976e-18,1,1
