"","RANDOM-INSTANCES","SEMI-UNIFORM","INFORMATIVENESS","GREEDY","eps-GREEDY"
"RANDOM-INSTANCES",1,1.97795580444976e-18,1.9778442703231e-18,1.97795580444976e-18,1.97795580444976e-18
"SEMI-UNIFORM",1,1,0.999873940005036,6.81407269150914e-05,0.999999947362029
"INFORMATIVENESS",1,0.000127762232834186,1,1.56854131927917e-07,0.821148964330371
"GREEDY",1,0.999932801807195,0.999999846020511,1,0.999999998479741
"eps-GREEDY",1,5.36414581924263e-08,0.179751048593932,1.55241682686496e-09,1
