"","RANDOM-INSTANCES","SEMI-UNIFORM","INFORMATIVENESS","GREEDY","eps-GREEDY"
"RANDOM-INSTANCES",1,1.97795580444976e-18,1.9778442703231e-18,1.97795580444976e-18,1.97795580444976e-18
"SEMI-UNIFORM",1,1,0.371319733053693,0.203168922973651,0.164838397946457
"INFORMATIVENESS",1,0.629979233880319,1,0.436910000016952,0.0966227311956814
"GREEDY",1,0.797801397985849,0.564464592107251,1,0.485600349998038
"eps-GREEDY",1,0.836013136847217,0.90407558363645,0.515770361748456,1
