"","RANDOM-INSTANCES","SEMI-UNIFORM","INFORMATIVENESS","GREEDY","eps-GREEDY"
"RANDOM-INSTANCES",1,4.59035434405583e-18,3.61211955429092e-18,4.19578971067597e-18,2.51790391873834e-18
"SEMI-UNIFORM",1,1,0.335551958853511,0.20954243565493,0.0638561158570887
"INFORMATIVENESS",1,0.665700561649411,1,0.553336220760591,0.367525915657327
"GREEDY",1,0.791445852982494,0.44802350792786,1,0.316350901505056
"eps-GREEDY",1,0.93657274794819,0.633808294485941,0.68487174252456,1
