"","RANDOM-INSTANCES","SEMI-UNIFORM","INFORMATIVENESS","GREEDY","eps-GREEDY"
"RANDOM-INSTANCES",1,4.59035434405583e-18,3.61211955429092e-18,1.96416569583974e-11,4.07200884190277e-18
"SEMI-UNIFORM",1,1,0.999999611153666,0.999997145231179,0.918922602374446
"INFORMATIVENESS",1,3.957627436278e-07,1,0.966442961392387,1.46214256206535e-05
"GREEDY",0.999999999980809,2.90165726155789e-06,0.0338144909675284,1,4.69287979232402e-05
"eps-GREEDY",1,0.081602835610846,0.999985598034701,0.999953734114827,1
