"","RANDOM-INSTANCES","SEMI-UNIFORM","INFORMATIVENESS","GREEDY","eps-GREEDY"
"RANDOM-INSTANCES",1,1.9778442703231e-18,1.97795580444976e-18,1.97795580444976e-18,1.97795580444976e-18
"SEMI-UNIFORM",1,1,1,1.97795580444976e-18,1.97795580444976e-18
"INFORMATIVENESS",1,1.97795580444976e-18,1,1.97795580444976e-18,1.97795580444976e-18
"GREEDY",1,1,1,1,0.00855167882296178
"eps-GREEDY",1,1,1,0.991527906869347,1
