"","RANDOM-INSTANCES","SEMI-UNIFORM","INFORMATIVENESS","GREEDY","eps-GREEDY"
"RANDOM-INSTANCES",1,1.97795580444976e-18,1.97795580444976e-18,1.97795580444976e-18,1.97795580444976e-18
"SEMI-UNIFORM",1,1,1,1.97795580444976e-18,1.97795580444976e-18
"INFORMATIVENESS",1,1.97795580444976e-18,1,1.97795580444976e-18,1.97795580444976e-18
"GREEDY",1,1,1,1,0.999999999999543
"eps-GREEDY",1,1,1,4.68737720678354e-13,1
