"","RANDOM-INSTANCES","SEMI-UNIFORM","INFORMATIVENESS","GREEDY","eps-GREEDY"
"RANDOM-INSTANCES",1,1.9778442703231e-18,1.97795580444976e-18,1.97795580444976e-18,1.97795580444976e-18
"SEMI-UNIFORM",1,1,1,1.45120167795625e-11,1.36425381569764e-14
"INFORMATIVENESS",1,1.97795580444976e-18,1,2.51818613052865e-18,1.97795580444976e-18
"GREEDY",1,0.999999999985823,1,1,0.81838330667232
"eps-GREEDY",1,0.999999999999987,1,0.182539154980104,1
